Book Id,Title,Author,Author l-f,Additional Authors,ISBN,ISBN13,My Rating,Average Rating,Publisher,Binding,Number of Pages,Year Published,Original Publication Year,Date Read,Date Added,Bookshelves,Bookshelves with positions,Exclusive Shelf,My Review,Spoiler,Private Notes,Read Count,Owned Copies
7235533,"The Way of Kings (The Stormlight Archive, #1)",Brandon Sanderson,"Sanderson, Brandon",,0765326353,9780765326355,0,4.66,Tor Books,Hardcover,1007,2010,2010,,1/9/2026,to-read,to-read (#184),to-read,,,,0,0
2604526,"The Eighth Trumpet (Jared Kimberlain, #1)",Jon Land,"Land, Jon",,0449133982,9780449133989,0,3.9,Fawcett,Mass Market Paperback,400,1989,1989,,1/9/2026,to-read,to-read (#183),to-read,,,,0,0
43124137,The Beekeeper of Aleppo,Christy Lefteri,"Lefteri, Christy",,1984821210,9781984821218,0,4.16,Ballantine Books,Hardcover,317,2019,2019,,1/9/2026,to-read,to-read (#182),to-read,,,,0,0
1870558,"The Gamma Option  (Blaine McCracken, #3)",Jon Land,"Land, Jon",,0449133990,9780449133996,0,3.97,Fawcett,Mass Market Paperback,340,1989,1989,,1/9/2026,to-read,to-read (#181),to-read,,,,0,0
4622680,Catch a Falling Spy,Len Deighton,"Deighton, Len",,0345335937,9780345335937,0,3.81,Ballantine Books,Mass Market Paperback,288,1986,1976,,1/9/2026,to-read,to-read (#180),to-read,,,,0,0
13628812,The Rent Collector,Camron Wright,"Wright, Camron",,1609071220,9781609071226,0,4.27,Shadow Mountain,Hardcover,304,2012,2012,,1/9/2026,to-read,to-read (#179),to-read,,,,0,0
16967,1632,Eric Flint,"Flint, Eric",,1416532811,9781416532811,0,4.05,Baen Books,Paperback,597,2006,2000,,1/9/2026,to-read,to-read (#178),to-read,,,,0,0
50091,"The Complete Robot (Robot, #0.3)",Isaac Asimov,"Asimov, Isaac",,0586057242,9780586057247,0,4.33,Voyager/HarperCollins,Mass Market Paperback,688,1995,1982,,1/9/2026,to-read,to-read (#177),to-read,,,,0,0
32669,"Clear and Present Danger (Jack Ryan, #5; Jack Ryan Universe, #6)",Tom Clancy,"Clancy, Tom",,0425144372,9780425144374,0,4.14,Berkley Books,Mass Market Paperback,688,1994,1989,,5/3/2025,currently-reading,currently-reading (#6),currently-reading,,,,1,0
19691,"The Hunt for Red October (Jack Ryan, #3)",Tom Clancy,"Clancy, Tom",,0425172902,9780425172902,0,4.12,Berkley Trade,Mass Market Paperback,432,1999,1984,,5/3/2025,to-read,to-read (#176),to-read,,,,0,0
32682,"Patriot Games (Jack Ryan, #1)",Tom Clancy,"Clancy, Tom",,0425134350,9780425134351,0,4.17,Berkley,Mass Market Paperback,794,1992,1987,,5/3/2025,to-read,to-read (#175),to-read,,,,0,0
13157,The Jester,James  Patterson,"Patterson, James",Andrew Gross,0755300203,9780755300204,4,3.82,Headline Paperbacks,Paperback,548,2004,2003,5/3/2025,4/20/2025,,,read,,,,1,0
625603,"Horus Rising (The Horus Heresy, #1)",Dan Abnett,"Abnett, Dan",,184416294X,9781844162949,0,4.26,Black Library,Paperback,416,2006,2006,,4/27/2025,currently-reading,currently-reading (#5),currently-reading,,,,1,0
209175992,Built with Purpose: How Our Employee-Owned Business Changed What it Means to Work and Why,Bill Roark,"Roark, Bill",,1632998041,9781632998040,4,4,River Grove Books,Kindle Edition,222,2024,,,2/22/2025,,,read,,,,0,0
54479,Around the World in Eighty Days,Jules Verne,"Verne, Jules","Brian W. Aldiss, Michael Glencross",014044906X,9780140449068,0,3.95,Penguin Books ,Paperback,252,2004,1872,,2/18/2023,to-read,to-read (#65),to-read,,,,0,0
44767458,"Dune (Dune, #1)",Frank Herbert,"Herbert, Frank",,059309932X,9780593099322,5,4.29,Ace,Hardcover,658,2019,1965,6/10/2024,2/19/2023,,,read,,,,1,0
63035432,"The Chalice of the Gods (Percy Jackson and the Olympians: The Senior Year Adventures, #1)",Rick Riordan,"Riordan, Rick",,1368098177,9781368098175,0,4.26,Disney Hyperion,Hardcover,288,2023,2023,,11/28/2023,to-read,to-read (#174),to-read,,,,0,0
29581,"Foundation and Empire (Foundation, #2)",Isaac Asimov,"Asimov, Isaac",,0553803727,9780553803723,0,4.22,Spectra,Hardcover,256,2004,1952,,9/19/2023,currently-reading,currently-reading (#4),currently-reading,,,,1,0
29579,"Foundation (Foundation, #1)",Isaac Asimov,"Asimov, Isaac",,0553803719,9780553803716,4,4.17,Bantam,Hardcover,244,2004,1951,9/19/2023,2/18/2023,,,read,,,,1,0
4934,The Brothers Karamazov,Fyodor Dostoevsky,"Dostoevsky, Fyodor","Richard Pevear, Larissa Volokhonsky",0374528373,9780374528379,0,4.39,"Farrar, Straus and Giroux",Paperback,796,2002,1880,,8/25/2023,to-read,to-read (#173),to-read,,,,0,0
156940126,$100M Leads: How to Get Strangers To Want To Buy Your Stuff,Alex Hormozi,"Hormozi, Alex",,,,0,4.56,,Kindle Edition,369,2023,,,8/21/2023,to-read,to-read (#172),to-read,,,,0,0
58612786,$100M Offers: How To Make Offers So Good People Feel Stupid Saying No,Alex Hormozi,"Hormozi, Alex",,1737475707,9781737475705,0,4.56,,Kindle Edition,155,2021,2021,,8/21/2023,to-read,to-read (#171),to-read,,,,0,0
1052,The Richest Man in Babylon,George S. Clason,"Clason, George S.",,0451205367,9780451205360,0,4.23,Berkley Books,Paperback,194,2002,1926,,8/21/2023,to-read,to-read (#170),to-read,,,,0,0
40121378,Atomic Habits: An Easy & Proven Way to Build Good Habits & Break Bad Ones,James Clear,"Clear, James",,,,0,4.32,Avery,Kindle Edition,319,2018,2018,,8/21/2023,to-read,to-read (#169),to-read,,,,0,0
12497,No Country for Old Men,Cormac McCarthy,"McCarthy, Cormac",,,,0,4.17,Knopf Doubleday Publishing Group,Paperback,309,2006,2005,,6/13/2023,to-read,to-read (#168),to-read,,,,0,0
394535,"Blood Meridian, or, the Evening Redness in the West",Cormac McCarthy,"McCarthy, Cormac",,,,0,4.15,Vintage Books,Paperback,351,2010,1985,,6/13/2023,to-read,to-read (#167),to-read,,,,0,0
24658,The Prose Edda: Norse Mythology,Snorri Sturluson,"Sturluson, Snorri",Jesse L. Byock,0140447555,9780140447552,0,4.15,Penguin Books,Paperback,224,2005,1220,,2/20/2023,to-read,to-read (#166),to-read,,,,0,0
505031,Sunjata,Bamba Suso,"Suso, Bamba","Banna Kanute, Gordon Innes, Lucy Duran",0140447369,9780140447361,3,3.34,Penguin Classics,Paperback,160,2000,1975,,2/20/2023,,,read,,,,1,0
158785,Journey to the West (4-Volume Boxed Set),Wu Cheng'en,"Cheng'en, Wu",W.J.F. Jenner,7119016636,9787119016634,0,4.34,Foreign Languages Press,Paperback,2346,1993,1592,,2/20/2023,to-read,to-read (#165),to-read,,,,0,0
44492287,Heretics of Dune (Dune #5),Frank Herbert,"Herbert, Frank",,0593098269,9780593098264,0,3.85,Ace,Paperback,669,2019,1984,,2/19/2023,to-read,to-read (#164),to-read,,,,0,0
44439415,God Emperor of Dune (Dune #4),Frank Herbert,"Herbert, Frank",,0593098250,9780593098257,0,3.88,Ace,Paperback,587,2019,1981,,2/19/2023,to-read,to-read (#163),to-read,,,,0,0
44492286,Children of Dune (Dune #3),Frank Herbert,"Herbert, Frank",,0593098242,9780593098240,0,3.95,Ace,Paperback,609,2019,1976,,2/19/2023,to-read,to-read (#162),to-read,,,,0,0
44492285,Dune Messiah (Dune #2),Frank Herbert,"Herbert, Frank",Brian Herbert,0593098234,9780593098233,4,3.89,Ace,Mass Market Paperback,336,2019,1969,,2/19/2023,to-read,to-read (#161),to-read,,,,0,0
93007,The Merry Adventures of Robin Hood,Howard Pyle,"Pyle, Howard",,1595406557,9781595406552,0,4.07,1st World Library - Literary Society,Paperback,398,2004,1883,,2/19/2023,to-read,to-read (#160),to-read,,,,0,0
236093,"The Wonderful Wizard of Oz (Oz, #1)",L. Frank Baum,"Baum, L. Frank",W.W. Denslow,0140621679,9780140621679,0,4,Penguin,Paperback,154,1995,1900,,2/19/2023,to-read,to-read (#159),to-read,,,,0,0
34268,"Peter Pan (Peter Pan, #2)",J.M. Barrie,"Barrie, J.M.",Michael Hague,0805072454,9780805072457,0,4.03,Henry Holt and Co.,Hardcover,155,2003,1911,,2/19/2023,to-read,to-read (#158),to-read,,,,0,0
62111,The Swiss Family Robinson,Johann David Wyss,"Wyss, Johann David","Scott McKowen, Arthur Pober",1402726023,9781402726026,0,3.91,Sterling,Hardcover,345,2006,1812,,2/19/2023,to-read,to-read (#157),to-read,,,,0,0
2932,Robinson Crusoe,Daniel Defoe,"Defoe, Daniel",Virginia Woolf,,,0,3.68,Modern Library,Hardcover,320,2001,1719,,2/19/2023,to-read,to-read (#156),to-read,,,,0,0
32829,Journey to the Center of the Earth,Jules Verne,"Verne, Jules","Lowell Bair, Kim Stanley Robinson",0553213970,9780553213973,0,3.85,Bantam,Mass Market Paperback,240,1991,1864,,2/19/2023,to-read,to-read (#155),to-read,,,,0,0
28257707,The Subtle Art of Not Giving a F*ck: A Counterintuitive Approach to Living a Good Life,Mark Manson,"Manson, Mark",,,9798804636129,0,3.87,Harper,Paperback,212,2016,2016,,2/19/2023,to-read,to-read (#154),to-read,,,,0,0
4865,How to Win Friends & Influence People,Dale Carnegie,"Carnegie, Dale",,,,0,4.22,Gallery Books,Paperback,288,1998,1936,,2/19/2023,to-read,to-read (#153),to-read,,,,0,0
30289,The Republic,Plato,"Plato, Plato",Desmond Lee,0140449140,9780140449143,0,3.97,Penguin Classics,Paperback,416,2003,-400,,2/19/2023,to-read,to-read (#152),to-read,,,,0,0
38447,"The Handmaid’s Tale (The Handmaid's Tale, #1)",Margaret Atwood,"Atwood, Margaret",,038549081X,9780385490818,0,4.15,Anchor Books,Paperback,311,1998,1985,,2/19/2023,to-read,to-read (#151),to-read,,,,0,0
11127,"The Chronicles of Narnia (The Chronicles of Narnia, #1-7)",C.S. Lewis,"Lewis, C.S.",Pauline Baynes,0066238501,9780066238500,0,4.28,HarperCollins,Paperback,767,2014,1956,,2/19/2023,to-read,to-read (#150),to-read,,,,0,0
33,The Lord of the Rings,J.R.R. Tolkien,"Tolkien, J.R.R.",Alan Lee,0618640150,9780618640157,0,4.54,Houghton Mifflin Harcourt,Paperback,1216,2005,1959,,2/19/2023,to-read,to-read (#149),to-read,,,,0,0
5527,All the King's Men,Robert Penn Warren,"Warren, Robert Penn",Joseph Blotner,,,0,4.09,Harcourt Brace,Paperback,439,1996,1946,,2/19/2023,to-read,to-read (#148),to-read,,,,0,0
3049,Sir Gawain and the Green Knight,Unknown,"Unknown, Unknown","Burton Raffel, Neil D. Isaacs",0451528182,9780451528186,3,3.76,Signet Classics,Mass Market Paperback,144,2001,1375,,2/19/2023,,,read,,,,1,0
52357,Beowulf,Unknown,"Unknown, Unknown",Seamus Heaney,0393320979,9780393320978,4,3.5,W.W. Norton & Company,Paperback,259,2001,1000,,2/19/2023,,,read,,,,1,0
18135,Romeo and Juliet,William Shakespeare,"Shakespeare, William",,0743477111,9780743477116,4,3.74,Washington Square Press,Mass Market Paperback,281,2002,1590,,2/19/2023,,,read,,,,1,0
46170,For Whom the Bell Tolls,Ernest Hemingway,"Hemingway, Ernest",,,,0,3.99,Scribner,Paperback,471,1995,1940,,2/19/2023,to-read,to-read (#147),to-read,,,,0,0
10799,A Farewell to Arms,Ernest Hemingway,"Hemingway, Ernest",,0099910101,9780099910107,0,3.82,Arrow Books,Paperback,293,2004,1929,,2/19/2023,to-read,to-read (#146),to-read,,,,0,0
769658,Battlefield Earth: A Saga of the Year 3000,L. Ron Hubbard,"Hubbard, L. Ron",,,,0,3.55,Galaxy Press,Paperback,1050,2001,1982,,2/19/2023,to-read,to-read (#145),to-read,,,,0,0
104837,Antony and Cleopatra,William Shakespeare,"Shakespeare, William","Paul Werstine, Cynthia Marshall, Ludwig Tieck, August Wilhelm von Schlegel, Barbara A. Mowat, Panteleimon Kulish, Іван Франко, Ivan Franko",0743482859,9780743482851,0,3.71,Washington Square Press,Mass Market Paperback,336,2005,1606,,2/19/2023,to-read,to-read (#144),to-read,,,,0,0
37526,Henry V,William Shakespeare,"Shakespeare, William","Michael Neill, Paul Werstine, Barbara A. Mowat",0743484878,9780743484879,0,3.85,Washington Square Press,Paperback,294,2004,1599,,2/19/2023,to-read,to-read (#143),to-read,,,,0,0
42058,Richard III,William Shakespeare,"Shakespeare, William",John Jowett,0192839934,9780192839930,0,3.91,Oxford University Press,Paperback,419,2000,1593,,2/19/2023,to-read,to-read (#142),to-read,,,,0,0
42607,As You Like It,William Shakespeare,"Shakespeare, William","Paul Werstine, Barbara A. Mowat",074348486X,9780743484862,0,3.81,Simon Schuster,Paperback,263,2011,1599,,2/19/2023,to-read,to-read (#141),to-read,,,,0,0
47021,The Taming of the Shrew,William Shakespeare,"Shakespeare, William","Barbara A. Mowat, Paul Werstine",074347757X,9780743477574,0,3.74,Simon  Schuster,Mass Market Paperback,291,2004,1593,,2/19/2023,to-read,to-read (#140),to-read,,,,0,0
24128,The Merchant of Venice,William Shakespeare,"Shakespeare, William","Barbara A. Mowat, Paul Werstine, David Scott Kastan, Felix Emmanuel Schelling, محمد عناني, David Bevington, Robert          Jackson",0743477561,9780743477567,0,3.77,Simon & Schuster,Mass Market Paperback,249,2011,1596,,2/19/2023,to-read,to-read (#139),to-read,,,,0,0
13006,Julius Caesar,William Shakespeare,"Shakespeare, William","Harold Bloom, Roma Gill, William Allan Neilson",0198320272,9780198320272,0,3.71,Oxford University Press,Paperback,175,2002,1599,,2/19/2023,to-read,to-read (#138),to-read,,,,0,0
12985,The Tempest,William Shakespeare,"Shakespeare, William","Paul Werstine, David Lindley, Israel Gollancz, Barbara A. Mowat, Arthur Wilson Verity, Georg Brandes, G.B. Harrison, William James Rolfe",,,0,3.78,Washington Square Press,Mass Market Paperback,218,2004,1611,,2/19/2023,to-read,to-read (#137),to-read,,,,0,0
12938,King Lear,William Shakespeare,"Shakespeare, William",William James Rolfe,,,0,3.91,Simon & Schuster,Mass Market Paperback,339,2004,1605,,2/19/2023,to-read,to-read (#136),to-read,,,,0,0
1622,A Midsummer Night’s Dream,William Shakespeare,"Shakespeare, William","Barbara A. Mowat, Paul Werstine, Alan Durband, Roma Gill, Catherine Belsey, A.R. Braunmuller",0743477545,9780743477543,0,3.94,Simon & Schuster,Mass Market Paperback,298,2016,1595,,2/19/2023,to-read,to-read (#135),to-read,,,,0,0
8852,Macbeth,William Shakespeare,"Shakespeare, William","Folger Shakespeare Library, Barbara A. Mowat, Paul Werstine",0743477103,9780743477109,0,3.89,Simon & Schuster,Mass Market Paperback,249,2013,1623,,2/19/2023,to-read,to-read (#134),to-read,,,,0,0
375013,Schindler’s List,Thomas Keneally,"Keneally, Thomas",,0340606517,9780340606513,0,4.34,Sceptre,Mass Market Paperback,429,1994,1982,,2/18/2023,to-read,to-read (#133),to-read,,,,0,0
27712,The Neverending Story,Michael Ende,"Ende, Michael",Ralph Manheim,0525457585,9780525457589,0,4.18,Dutton Children's Books,Hardcover,396,1997,1979,,2/18/2023,to-read,to-read (#132),to-read,,,,0,0
472331,Watchmen,Alan             Moore,"Moore, Alan","Dave Gibbons, John    Higgins",0930289234,9780930289232,0,4.39,DC Comics,Paperback,416,2005,1987,,2/18/2023,to-read,to-read (#131),to-read,,,,0,0
36236124,Fight Club,Chuck Palahniuk,"Palahniuk, Chuck",,0393355942,9780393355949,0,4.18,W. W. Norton & Company,Paperback,224,2018,1996,,2/18/2023,to-read,to-read (#130),to-read,,,,0,0
18705209,"The Blood of Olympus (The Heroes of Olympus, #5)",Rick Riordan,"Riordan, Rick",,,,4,4.43,Disney-Hyperion Books,Hardcover,516,2014,2014,,2/18/2023,,,read,,,,1,0
7090447,"The Red Pyramid (The Kane Chronicles, #1)",Rick Riordan,"Riordan, Rick",,1423113381,9781423113386,4,4.1,Disney Hyperion,Hardcover,528,2010,2010,,2/18/2023,,,read,,,,1,0
12127810,"The House of Hades (The Heroes of Olympus, #4)",Rick Riordan,"Riordan, Rick",,1423146727,9781423146728,4,4.57,Disney-Hyperion Books,Hardcover,597,2013,2013,,2/18/2023,,,read,,,,1,0
12127750,"The Mark of Athena (The Heroes of Olympus, #3)",Rick Riordan,"Riordan, Rick",,1423140605,9781423140603,4,4.47,Disney-Hyperion Books,Hardcover,586,2012,2012,,2/18/2023,,,read,,,,1,0
9520360,"The Son of Neptune (The Heroes of Olympus, #2)",Rick Riordan,"Riordan, Rick",,1423140591,9781423140597,4,4.4,Disney-Hyperion Books,Hardcover,521,2011,2011,,2/18/2023,,,read,,,,1,0
7736182,"The Lost Hero (The Heroes of Olympus, #1)",Rick Riordan,"Riordan, Rick",,142311339X,9781423113393,4,4.29,Disney-Hyperion Books,Hardcover,576,2010,2010,,2/18/2023,,,read,,,,1,0
4556058,"The Last Olympian (Percy Jackson and the Olympians, #5)",Rick Riordan,"Riordan, Rick",,1423101472,9781423101475,5,4.55,Disney-Hyperion Books,Hardcover,381,2009,2009,,2/18/2023,,,read,,,,1,0
2120932,"The Battle of the Labyrinth (Percy Jackson and the Olympians, #4)",Rick Riordan,"Riordan, Rick",,1423101464,9781423101468,4,4.42,Hyperion Books for Children,Hardcover,361,2008,2008,,2/18/2023,,,read,,,,1,0
561456,"The Titan’s Curse (Percy Jackson and the Olympians, #3)",Rick Riordan,"Riordan, Rick",,,,4,4.37,Puffin Books,Kindle Edition,352,2007,2007,,2/18/2023,,,read,,,,1,0
28186,"The Sea of Monsters (Percy Jackson and the Olympians, #2)",Rick Riordan,"Riordan, Rick",,0786856866,9780786856862,4,4.24,Hyperion Books,Hardcover,279,2006,2006,,2/18/2023,,,read,,,,1,0
662,Atlas Shrugged,Ayn Rand,"Rand, Ayn",Leonard Peikoff,0452011876,9780452011878,0,3.69,Plume,Paperback,1168,1999,1957,,2/18/2023,to-read,to-read (#129),to-read,,,,0,0
332613,One Flew Over the Cuckoo’s Nest,Ken Kesey,"Kesey, Ken",,,,0,4.2,Signet,Mass Market Paperback,325,1963,1962,,2/18/2023,to-read,to-read (#128),to-read,,,,0,0
4214,Life of Pi,Yann Martel,"Martel, Yann",,0770430074,9780770430078,0,3.94,Seal Books,Paperback,460,2006,2001,,2/18/2023,to-read,to-read (#127),to-read,,,,0,0
22628,The Perks of Being a Wallflower,Stephen Chbosky,"Chbosky, Stephen",,,,0,4.24,MTV Books/Pocket Books,Hardcover,213,1999,1999,,2/18/2023,to-read,to-read (#126),to-read,,,,0,0
1715,Metamorphoses,Ovid,"Ovid, Ovid","David Raeburn, Denis Feeney",014044789X,9780140447897,0,4.1,Penguin,Paperback,723,2004,8,,2/18/2023,to-read,to-read (#125),to-read,,,,0,0
536353,The War of the Worlds,H.G. Wells,"Wells, H.G.","Patrick Parrinder, Brian W. Aldiss, Andy Sawyer",0141441038,9780141441030,0,3.83,Penguin Classics,Paperback,199,2005,1898,,2/18/2023,to-read,to-read (#124),to-read,,,,0,0
692220,The Pearl,John Steinbeck,"Steinbeck, John","José Clemente Orozco, Linda Wagner-Martin",0140187383,9780140187380,3,3.57,Penguin Books Ltd,Paperback,97,1994,1947,,2/18/2023,,,read,,,,1,0
17189,The Invisible Man,H.G. Wells,"Wells, H.G.","Christopher Priest, Andy Sawyer, Patrick Parrinder",014143998X,9780141439983,0,3.63,Penguin Classics,Paperback,208,2005,1897,,2/18/2023,to-read,to-read (#123),to-read,,,,0,0
420031,Heart of Darkness,Joseph Conrad,"Conrad, Joseph","Owen Knowles, Robert Hampson",0141441674,9780141441672,0,3.43,Penguin Classics,Paperback,136,2007,1899,,2/18/2023,to-read,to-read (#122),to-read,,,,0,0
2956,"The Adventures of Huckleberry Finn (Adventures of Tom and Huck, #2)",Mark Twain,"Twain, Mark","Guy Cardwell, E.W. Kemble, John Seelye, Walter Trier, Tom Wilson, William Little Hughes",0142437174,9780142437179,0,3.83,Penguin Classics,Paperback,327,2002,1885,,2/18/2023,to-read,to-read (#121),to-read,,,,0,0
51497,The Strange Case of Dr. Jekyll and Mr. Hyde and Other Tales of Terror,Robert Louis Stevenson,"Stevenson, Robert Louis",Robert Mighall,0141439734,9780141439730,0,3.91,Penguin Classics,Paperback,224,2003,1886,,2/18/2023,to-read,to-read (#120),to-read,,,,0,0
58696,David Copperfield,Charles Dickens,"Dickens, Charles","Edward Killoran Brown, Jeremy Tambling, Phiz",,,0,4.04,Penguin ,Paperback,882,2004,1850,,2/18/2023,to-read,to-read (#119),to-read,,,,0,0
2619,Great Expectations,Charles Dickens,"Dickens, Charles","Charlotte Mitchell, David Trotter",0141439564,9780141439563,4,3.8,Penguin Books ,Paperback,512,2002,1861,,2/18/2023,,,read,,,,1,0
1785216,Mahabharata,Anonymous,"Anonymous, Anonymous","Krishna-Dwaipayana Vyasa, William Buck, B.A. van Nooten",0452009138,9780452009134,0,4.32,Penguin Books,Paperback,249,1987,1951,,2/18/2023,to-read,to-read (#118),to-read,,,,0,0
1362,The Histories,Herodotus,"Herodotus, Herodotus","John M. Marincola, Aubrey de Sélincourt, Betty Radice",0140449086,9780140449082,0,4.01,Penguin Books,Paperback,784,2003,-430,,2/18/2023,to-read,to-read (#117),to-read,,,,0,0
12914,The Aeneid,Virgil,"Virgil, Virgil",Robert Fitzgerald,0679729526,9780679729525,0,3.87,Vintage,Paperback,442,1990,-19,,2/18/2023,to-read,to-read (#116),to-read,,,,0,0
28348,Crime and Punishment,Fyodor Dostoevsky,"Dostoevsky, Fyodor","Richard Pevear, Larissa Volokhonsky",,,0,4.29,Vintage Classics,Paperback,564,1993,1866,,2/18/2023,to-read,to-read (#115),to-read,,,,0,0
19380,Candide,Voltaire,"Voltaire, Voltaire","Rockwell Kent, Walter Jerrold, Don Hagen, Sara Gioacchino Corcos",0486266893,9780486266893,0,3.76,"Dover Publications, Incorporated",Paperback,129,1991,1759,,2/18/2023,to-read,to-read (#114),to-read,,,,0,0
656,War and Peace,Leo Tolstoy,"Tolstoy, Leo","Aylmer Maude, Louise Maude",0192833987,9780192833983,0,4.17,Oxford University Press,Paperback,1392,1998,1869,,2/18/2023,to-read,to-read (#113),to-read,,,,0,0
28862,The Prince,Niccolò Machiavelli,"Machiavelli, Niccolò","Rufus Goodwin, Benjamin Martinez, W.K. Marriott, Denis Daly, Μαρία Κασωτάκη",0937832383,9780937832387,0,3.84,Dante University Press,Paperback,144,2014,1532,,2/18/2023,to-read,to-read (#112),to-read,,,,0,0
569564,The Complete Works,William Shakespeare,"Shakespeare, William",,0517053616,9780517053614,0,4.48,Gramercy,Leather Bound,1229,1990,1623,,2/18/2023,to-read,to-read (#111),to-read,,,,0,0
290882,The Upanishads,Anonymous,"Anonymous, Anonymous",Juan Mascaró,,,0,4.25,Penguin,Paperback,143,1965,-500,,2/18/2023,to-read,to-read (#110),to-read,,,,0,0
77566,"Hyperion (Hyperion Cantos, #1)",Dan Simmons,"Simmons, Dan",,0553283685,9780553283686,0,4.27,Bantam Doubleday Dell Publishing Group,Mass Market Paperback,500,1990,1989,,2/18/2023,to-read,to-read (#109),to-read,,,,0,0
46654,"The Foundation Trilogy (Foundation, #1-3)",Isaac Asimov,"Asimov, Isaac",,0380508567,9780380508563,0,4.42,,Mass Market Paperback,679,1974,1953,,2/18/2023,currently-reading,currently-reading (#3),currently-reading,,,,1,0
41804,"I, Robot (Robot, #0.1)",Isaac Asimov,"Asimov, Isaac",,0553803700,9780553803709,0,4.21,Bantam Books,Hardcover,224,2004,1950,,2/18/2023,to-read,to-read (#108),to-read,,,,0,0
33124137,Pet Sematary,Stephen  King,"King, Stephen",,,,0,4.08,Scribner,Kindle Edition,580,2014,1983,,2/18/2023,to-read,to-read (#107),to-read,,,,0,0
7869,"The Bourne Identity (Jason Bourne, #1)",Robert Ludlum,"Ludlum, Robert",,0752864327,9780752864327,0,4.05,Orion,Paperback,566,2005,1980,,2/18/2023,to-read,to-read (#106),to-read,,,,0,0
23807,"The Silence of the Lambs  (Hannibal Lecter, #2)",Thomas  Harris,"Harris, Thomas",,,,0,4.26,Arrow Books,Paperback,421,2002,1988,,2/18/2023,to-read,to-read (#105),to-read,,,,0,0
22034,"The Godfather (The Godfather, #1)",Mario Puzo,"Puzo, Mario","Robert Thompson, Peter Bart",,,0,4.4,NAL,Paperback,428,2002,1969,,2/18/2023,to-read,to-read (#104),to-read,,,,0,0
33574273,"A Wrinkle in Time (Time Quintet, #1)",Madeleine L'Engle,"L'Engle, Madeleine",,1250153271,9781250153272,0,3.97,Square Fish,Paperback,218,2017,1962,,2/18/2023,to-read,to-read (#103),to-read,,,,0,0
37190,The Tale of Despereaux,Kate DiCamillo,"DiCamillo, Kate",Timothy Basil Ering,0763625299,9780763625290,0,4.08,Candlewick Press,Paperback,272,2008,2003,,2/18/2023,to-read,to-read (#102),to-read,,,,0,0
50,"Hatchet (Brian's Saga, #1)",Gary Paulsen,"Paulsen, Gary",,0689840926,9780689840920,4,3.79,Atheneum Books for Young Readers: Richard Jackson Books,Hardcover,208,2000,1987,,2/18/2023,,,read,,,,1,0
38709,"Holes (Holes, #1)",Louis Sachar,"Sachar, Louis",,0439244196,9780439244190,4,4.01,Scholastic,Paperback,272,2000,1998,,2/18/2023,,,read,,,,1,0
6578293,"Dog Days (Diary of a Wimpy Kid, #4)",Jeff Kinney,"Kinney, Jeff",,0810983915,9780810983915,3,4.17,Amulet Books,Paperback,218,2009,2009,,2/18/2023,,,read,,,,1,0
3293821,"The Last Straw (Diary of a Wimpy Kid, #3)",Jeff Kinney,"Kinney, Jeff",,0810970686,9780810970687,4,4.14,Amulet Books,Hardcover,218,2014,2009,,2/18/2023,,,read,,,,1,0
1809465,"Rodrick Rules (Diary of a Wimpy Kid, #2)",Jeff Kinney,"Kinney, Jeff",,0810994739,9780810994737,4,4.16,Amulet Books,Hardcover,226,2008,2008,,2/18/2023,,,read,,,,1,0
389627,"Diary of a Wimpy Kid (Diary of a Wimpy Kid, #1)",Jeff Kinney,"Kinney, Jeff",,0810993139,9780810993136,3,3.98,Amulet Books,Hardcover,226,2007,2007,,2/18/2023,,,read,,,,1,0
36072,The 7 Habits of Highly Effective People: Powerful Lessons in Personal Change,Stephen R. Covey,"Covey, Stephen R.",Jim Collins,0743269519,9780743269513,0,4.16,Free Press,Paperback,372,2004,1989,,2/18/2023,to-read,to-read (#101),to-read,,,,0,0
18050143,"Zero to One: Notes on Startups, or How to Build the Future",Peter Thiel,"Thiel, Peter",Blake  Masters,0804139296,9780804139298,0,4.15,Crown Currency,Hardcover,195,2014,2014,,2/18/2023,to-read,to-read (#100),to-read,,,,0,0
7445,The Glass Castle,Jeannette Walls,"Walls, Jeannette",,074324754X,9780743247542,4,4.33,Scribner,Paperback,288,2006,2005,,2/18/2023,,,read,,,,1,0
27220736,Shoe Dog: A Memoir by the Creator of Nike,Phil Knight,"Knight, Phil",,1501135910,9781501135910,0,4.46,Scribner,Hardcover,400,2016,2016,,2/18/2023,to-read,to-read (#99),to-read,,,,0,0
99944,The Bhagavad Gita,Krishna-Dwaipayana Vyasa,"Vyasa, Krishna-Dwaipayana","Juan Mascaró, Simon Brodbeck",0140449183,9780140449181,4,4.19,Penguin,Paperback,160,2003,-400,,2/18/2023,,,read,,,,1,0
49047293,Enemies,Tijan,"Tijan, Tijan",,,,0,3.97,,Kindle Edition,379,2019,2019,,2/18/2023,to-read,to-read (#98),to-read,,,,0,0
85431,Friday Night Lights,H.G. Bissinger,"Bissinger, H.G.",,0306814250,9780306814259,0,4.14,Da Capo Press,Mass Market Paperback,416,2004,1988,,2/18/2023,to-read,to-read (#97),to-read,,,,0,0
216363,The Man in the High Castle,Philip K. Dick,"Dick, Philip K.",,0679740678,9780679740674,0,3.59,Vintage,Paperback,259,1992,1962,,2/18/2023,to-read,to-read (#96),to-read,,,,0,0
21611,"The Forever War (The Forever War, #1)",Joe Haldeman,"Haldeman, Joe",,,,0,4.14,Voyager,Paperback,278,2003,2003,,2/18/2023,to-read,to-read (#95),to-read,,,,0,0
34928122,Artemis,Andy Weir,"Weir, Andy",,0553448129,9780553448122,0,3.68,Crown,Hardcover,305,2017,2017,,2/18/2023,to-read,to-read (#94),to-read,,,,0,0
17214,Starship Troopers,Robert A. Heinlein,"Heinlein, Robert A.",,,,0,4.01,Ace Books,Mass Market Paperback,264,1987,1959,,2/18/2023,to-read,to-read (#93),to-read,,,,0,0
43798285,The Institute,Stephen  King,"King, Stephen",,,,0,4.19,Scribner,Hardcover,561,2019,2019,,2/18/2023,to-read,to-read (#92),to-read,,,,0,0
36809135,Where the Crawdads Sing,Delia Owens,"Owens, Delia",,0735219117,9780735219113,0,4.37,G.P. Putnam’s Sons,ebook,384,2018,2018,,2/18/2023,to-read,to-read (#91),to-read,,,,0,0
7332,The Silmarillion,J.R.R. Tolkien,"Tolkien, J.R.R.","Christopher Tolkien, Ted Nasmith",0618391118,9780618391110,0,4.03,Houghton Mifflin Company,Hardcover,386,2004,1977,,2/18/2023,to-read,to-read (#90),to-read,,,,0,0
3636,"The Giver (The Giver, #1)",Lois Lowry,"Lowry, Lois",,0385732554,9780385732550,0,4.12,Ember,Paperback,208,2006,1993,,2/18/2023,to-read,to-read (#89),to-read,,,,0,0
41817486,A Clockwork Orange,Anthony Burgess,"Burgess, Anthony",,0393341763,9780393341768,0,4,W. W. Norton & Company,Paperback,240,2019,1962,,2/18/2023,to-read,to-read (#88),to-read,,,,0,0
12996,Othello,William Shakespeare,"Shakespeare, William","Barbara A. Mowat, Paul Werstine",,,4,3.89,Simon & Schuster,Mass Market Paperback,319,2003,1603,,2/18/2023,,,read,,,,1,0
7190,The Three Musketeers,Alexandre Dumas,"Dumas, Alexandre","Richard Pevear, Philip Bates, William Barrow, August Zoller, Marisa Zini, Moshe Ukkle, Pierre Toutain-Dorbec, John      Lee, Jacques Georges Clemenc Le Clercq, Natalie Montoto, S.M. Sheley, Daniel Rasmusson, Louis Jourdan, Walter Covell, Michael  Page, Michael Hugh Johnson, Sylvie Thorel-Cailleteau, Milo Winter, Bill Homewood, Arthur Paul John Charles James Gore Sudley, S.N. Rizvi, Giorgio Manganelli, William Robson, Isabel Ely Lord, Александр Дюма",,,0,4.1,Modern Library,Paperback,625,2001,1844,,2/18/2023,to-read,to-read (#87),to-read,,,,0,0
4406,East of Eden,John Steinbeck,"Steinbeck, John",,0142000655,9780142000656,0,4.44,Penguin Books,Paperback,601,2002,1952,,2/18/2023,to-read,to-read (#86),to-read,,,,0,0
295,Treasure Island,Robert Louis Stevenson,"Stevenson, Robert Louis",N.C. Wyeth,0753453800,9780753453803,0,3.85,Kingfisher,Hardcover,352,2001,1882,,2/18/2023,to-read,to-read (#85),to-read,,,,0,0
168668,Catch-22,Joseph Heller,"Heller, Joseph",,0684833395,9780684833392,0,3.99,Simon & Schuster ,Paperback,453,2004,1961,,2/18/2023,to-read,to-read (#84),to-read,,,,0,0
1371,The Iliad,Homer,"Homer, Homer","Robert Fagles, Bernard Knox",0140275363,9780140275360,0,3.93,Penguin Classics,Paperback,614,1999,-800,,2/18/2023,to-read,to-read (#83),to-read,,,,0,0
2998,The Secret Garden,Frances Hodgson Burnett,"Burnett, Frances Hodgson",,0517189607,9780517189603,0,4.17,Children's Classics,Hardcover,331,1998,1911,,2/18/2023,to-read,to-read (#82),to-read,,,,0,0
39999,The Boy in the Striped Pajamas,John Boyne,"Boyne, John",,0385751079,9780385751070,0,4.16,David Fickling Books,Hardcover,224,2006,2006,,2/18/2023,to-read,to-read (#81),to-read,,,,0,0
1934,"Little Women (Little Women, #1)",Louisa May Alcott,"Alcott, Louisa May","Regina Barreca, Grzegorz Komerski, Marta Fihel",,,0,4.17,Signet Classics,Mass Market Paperback,449,2004,1868,,2/18/2023,to-read,to-read (#80),to-read,,,,0,0
6185,Wuthering Heights,Emily Brontë,"Brontë, Emily","Richard J. Dunn, Charlotte Brontë, John Bugg, Robert Heindel",,,0,3.9,Norton,Paperback,464,2002,1847,,2/18/2023,to-read,to-read (#79),to-read,,,,0,0
10210,Jane Eyre,Charlotte Brontë,"Brontë, Charlotte",Michael Mason,0142437204,9780142437209,0,4.16,Penguin,Paperback,532,2003,1847,,2/18/2023,to-read,to-read (#78),to-read,,,,0,0
170448,Animal Farm,George Orwell,"Orwell, George","Russell Baker, C.M. Woodhouse",0451526341,9780451526342,0,4.02,Signet Classics,Mass Market Paperback,141,1996,1945,,2/18/2023,to-read,to-read (#77),to-read,,,,0,0
12321,Beyond Good and Evil,Friedrich Nietzsche,"Nietzsche, Friedrich","Michael Tanner, R.J. Hollingdale",014044923X,9780140449235,0,4.03,Penguin Classics,Paperback,240,2003,1886,,2/18/2023,to-read,to-read (#76),to-read,,,,0,0
99328,The Discourses,Niccolò Machiavelli,"Machiavelli, Niccolò",,0140444289,9780140444285,0,4.08,Penguin Classics,Paperback,544,1984,1517,,2/18/2023,to-read,to-read (#75),to-read,,,,0,0
251912,"Vagabond, Volume 1",Takehiko Inoue,"Inoue, Takehiko",,1591160340,9781591160342,0,4.49,VIZ Media LLC,Paperback,248,2002,1999,,2/18/2023,to-read,to-read (#74),to-read,,,,0,0
36402034,Do Androids Dream of Electric Sheep?,Philip K. Dick,"Dick, Philip K.",,,,0,4.09,Ballantine Books,ebook,258,2008,1968,,2/18/2023,to-read,to-read (#73),to-read,,,,0,0
19288043,Gone Girl,Gillian Flynn,"Flynn, Gillian",,0307588378,9780307588371,0,4.15,Ballantine Books,Paperback,415,2014,2012,,2/18/2023,to-read,to-read (#72),to-read,,,,0,0
55030,Cosmos,Carl Sagan,"Sagan, Carl",,0375508325,9780375508325,0,4.4,Random House,Mass Market Paperback,384,2002,1980,,2/18/2023,to-read,to-read (#71),to-read,,,,0,0
155054,Strange Tales from a Chinese Studio,Pu Songling,"Songling, Pu",John Minford,0140447407,9780140447408,0,4.06,Penguin Books,Paperback,608,2006,1740,,2/18/2023,to-read,to-read (#70),to-read,,,,0,0
77270,"The Jungle Book (Jungle Book, #1)",Rudyard Kipling,"Kipling, Rudyard",,0812504690,9780812504699,0,3.9,Tor Classics ,Mass Market Paperback,277,1992,1894,,2/18/2023,to-read,to-read (#69),to-read,,,,0,0
33507,Twenty Thousand Leagues Under the Sea,Jules Verne,"Verne, Jules",Anthony Bonner,076072850X,9780760728505,0,3.89,Barnes & Noble,Hardcover,269,2002,1869,,2/18/2023,to-read,to-read (#68),to-read,,,,0,0
153747,"Moby-Dick or, The Whale",Herman Melville,"Melville, Herman","Andrew Delbanco, Tom Quirk",0142437247,9780142437247,0,3.57,Penguin Classics ,Paperback,720,2003,1851,,2/18/2023,to-read,to-read (#67),to-read,,,,0,0
3836,Don Quixote,Miguel de Cervantes Saavedra,"Saavedra, Miguel de Cervantes","Roberto González Echevarría, John Rutherford",,,0,3.91,Penguin Books,Paperback,1023,2003,1615,,2/18/2023,to-read,to-read (#66),to-read,,,,0,0
2696,The Canterbury Tales,Geoffrey Chaucer,"Chaucer, Geoffrey",Nevill Coghill,0140424385,9780140424386,0,3.53,Penguin Books,Paperback,504,2003,1400,,2/18/2023,to-read,to-read (#64),to-read,,,,0,0
18254,Oliver Twist,Charles Dickens,"Dickens, Charles",Philip Horne,,,0,3.88,Penguin Books,Paperback,608,2003,1838,,2/18/2023,to-read,to-read (#63),to-read,,,,0,0
7733,Gulliver’s Travels,Jonathan Swift,"Swift, Jonathan",Robert DeMaria Jr.,0141439491,9780141439495,5,3.59,Penguin,Paperback,306,2017,1726,,2/18/2023,,,read,,,,1,0
7042,The Tale of Genji,Murasaki Shikibu,"Shikibu, Murasaki","Royall  Tyler, Minora Sugai",014243714X,9780142437148,4,3.72,Penguin,Paperback,1182,2003,1000,,2/18/2023,,,read,,,,1,0
93101,The Arabian Nights,Anonymous,"Anonymous, Anonymous","A.S. Byatt, Richard Francis Burton",0812972147,9780812972146,0,4.03,Modern Library,Mass Market Paperback,1049,2004,800,,2/18/2023,to-read,to-read (#62),to-read,,,,0,0
1923820,The Holy Bible: King James Version,Anonymous,"Anonymous, Anonymous",,,,5,4.45,,Hardcover,1590,2008,1611,,2/18/2023,,,read,,,,1,0
19351,The Epic of Gilgamesh,Anonymous,"Anonymous, Anonymous","N.K. Sandars, John Maier, Herbert Mason, John H. Marks, Morris Jastrow Jr.",0141026286,9780141026282,4,3.75,Penguin Books Limited,Paperback,72,2006,-2000,,2/18/2023,,,read,,,,1,0
8130077,The Screwtape Letters,C.S. Lewis,"Lewis, C.S.",,,,4,4.27,HarperCollins e-books,Kindle Edition,222,2009,1942,,2/18/2023,,,read,,,,1,0
9460487,"Miss Peregrine's Home for Peculiar Children (Miss Peregrine's Peculiar Children, #1)",Ransom Riggs,"Riggs, Ransom",,1594744769,9781594744761,0,3.92,Quirk,Hardcover,352,2011,2011,,2/18/2023,to-read,to-read (#61),to-read,,,,0,0
91953,Leviathan,Thomas Hobbes,"Hobbes, Thomas","Marshall Missner, Crawford Brough Macpherson",0140431950,9780140431957,0,3.7,Penguin Books,Paperback,736,1981,1651,,2/18/2023,to-read,to-read (#60),to-read,,,,0,0
59808487,Starry Messenger: Cosmic Perspectives on Civilization,Neil deGrasse Tyson,"Tyson, Neil deGrasse",,1250861500,9781250861504,0,4.11,Henry Holt and Co.,Hardcover,271,2022,2022,,2/18/2023,to-read,to-read (#59),to-read,,,,0,0
18144590,The Alchemist,Paulo Coelho,"Coelho, Paulo",,0062315005,9780062315007,0,3.92,HarperOne,Paperback,182,2014,1988,,2/18/2023,to-read,to-read (#58),to-read,,,,0,0
97411,Letters from a Stoic,Seneca,"Seneca, Seneca",,0140442103,9780140442106,0,4.33,Penguin Books,Paperback,254,2004,64,,2/18/2023,to-read,to-read (#57),to-read,,,,0,0
81779,The Symposium,Plato,"Plato, Plato",Christopher Gill,0140449272,9780140449273,0,4.09,Penguin Books,Paperback,90,2003,-380,,2/18/2023,to-read,to-read (#56),to-read,,,,0,0
19068,The Nicomachean Ethics,Aristotle,"Aristotle, Aristotle","Hugh Tredennick, J.A.K. Thomson, Jonathan Barnes",0140449493,9780140449495,0,4,Penguin Classics,Paperback,329,2004,-350,,2/18/2023,to-read,to-read (#55),to-read,,,,0,0
67896,Tao Te Ching,Lao Tzu,"Tzu, Lao","Gia-Fu Feng, Jane English, Jacob Needleman, Toinette Lippe, Claudio Lamparelli",0679724346,9780679724346,0,4.29,Vintage,Paperback,107,1989,-350,,2/18/2023,to-read,to-read (#54),to-read,,,,0,0
10534,The Art of War,Sun Tzu,"Tzu, Sun",Thomas Cleary,,,0,3.94,Harper Press,Paperback,170,2005,-500,,2/18/2023,to-read,to-read (#53),to-read,,,,0,0
30659,Meditations,Marcus Aurelius,"Aurelius, Marcus",Martin Hammond,0140449337,9780140449334,0,4.28,Penguin Books,Paperback,254,2006,180,,2/18/2023,to-read,to-read (#52),to-read,,,,0,0
61215351,"The Fellowship of the Ring (The Lord of the Rings, #1)",J.R.R. Tolkien,"Tolkien, J.R.R.",,,,0,4.41,William Morrow,Kindle Edition,432,2022,1954,,2/18/2023,to-read,to-read (#51),to-read,,,,0,0
375802,"Ender’s Game (Ender's Saga, #1)",Orson Scott Card,"Card, Orson Scott",,0812550706,9780812550702,0,4.31,Tor,Mass Market Paperback,324,2004,1985,,2/18/2023,to-read,to-read (#50),to-read,,,,0,0
13,"The Ultimate Hitchhiker’s Guide to the Galaxy (Hitchhiker's Guide to the Galaxy, #1-5)",Douglas Adams,"Adams, Douglas",,0345453743,9780345453747,0,4.38,Del Rey Books,Paperback,815,2002,1996,,2/18/2023,currently-reading,currently-reading (#2),currently-reading,,,,1,0
6359434,"And Another Thing... (The Hitchhiker's Guide to the Galaxy, #6)",Eoin Colfer,"Colfer, Eoin",,1401323588,9781401323585,0,3.57,Hyperion,Hardcover,275,2009,2009,,2/18/2023,to-read,to-read (#49),to-read,,,,0,0
569429,"Mostly Harmless (Hitchhiker's Guide to the Galaxy, #5)",Douglas Adams,"Adams, Douglas",,0345379330,9780345379337,0,3.96,Random House Worlds,Paperback,288,1993,1992,,2/18/2023,to-read,to-read (#48),to-read,,,,0,0
6091075,"So Long, and Thanks for All the Fish (The Hitchhiker's Guide to the Galaxy, #4)",Douglas Adams,"Adams, Douglas",,0307497909,9780307497901,0,4.08,Del Rey,Kindle Edition,225,2008,1984,,2/18/2023,to-read,to-read (#47),to-read,,,,0,0
8694,"Life, the Universe and Everything (The Hitchhiker's Guide to the Galaxy, #3)",Douglas Adams,"Adams, Douglas",,0345418905,9780345418906,0,4.16,Random House Worlds,Paperback,224,1997,1982,,2/18/2023,currently-reading,currently-reading (#1),currently-reading,,,,1,0
8695,"The Restaurant at the End of the Universe (The Hitchhiker's Guide to the Galaxy, #2)",Douglas Adams,"Adams, Douglas",,,,4,4.2,Del Rey,Paperback,250,2005,1980,,2/18/2023,,,read,,,,1,0
11,"The Hitchhiker’s Guide to the Galaxy (Hitchhiker's Guide to the Galaxy, #1)",Douglas Adams,"Adams, Douglas",,,,5,4.22,Del Rey Books,Mass Market Paperback,216,2005,1979,,2/18/2023,,,read,,,,1,0
17061,Coraline,Neil Gaiman,"Gaiman, Neil",Dave McKean,0061139378,9780061139376,0,4.13,William Morrow Paperbacks,Paperback,208,2006,2002,,2/18/2023,to-read,to-read (#46),to-read,,,,0,0
179780,"The Exorcist (The Exorcist, #1)",William Peter Blatty,"Blatty, William Peter",,,,0,4.21,HarperTorch,Mass Market Paperback,385,1994,1971,,2/18/2023,to-read,to-read (#45),to-read,,,,0,0
8908,World War Z: An Oral History of the Zombie War,Max Brooks,"Brooks, Max",,0307346609,9780307346605,0,4.02,Crown,Hardcover,342,2006,2006,,2/18/2023,to-read,to-read (#44),to-read,,,,0,0
89717,The Haunting of Hill House,Shirley Jackson,"Jackson, Shirley",Laura Miller,0143039989,9780143039983,0,3.81,Penguin Classics,Paperback,182,2006,1959,,2/18/2023,to-read,to-read (#43),to-read,,,,0,0
17245,Dracula,Bram Stoker,"Stoker, Bram","Rubén Toledo, Nina Auerbach, David J. Skal",0393970124,9780393970128,0,4.02,Norton,Paperback,488,1986,1897,,2/18/2023,to-read,to-read (#42),to-read,,,,0,0
830502,It,Stephen  King,"King, Stephen",,0450411435,9780450411434,0,4.24,New English Library,Paperback,1184,1987,1986,,2/18/2023,to-read,to-read (#41),to-read,,,,0,0
11588,"The Shining (The Shining, #1)",Stephen  King,"King, Stephen",,0450040186,9780450040184,0,4.28,New English Library,Mass Market Paperback,497,1980,1977,,2/18/2023,to-read,to-read (#40),to-read,,,,0,0
6294,"Howl’s Moving Castle (Howl’s Moving Castle, #1)",Diana Wynne Jones,"Jones, Diana Wynne",,006441034X,9780064410342,0,4.28,Harper Trophy,Mass Market Paperback,329,2001,1986,,2/18/2023,to-read,to-read (#39),to-read,,,,0,0
21787,The Princess Bride,William Goldman,"Goldman, William",,0345418263,9780345418265,0,4.27,Ballantine Books,Paperback,429,2003,1973,,2/18/2023,to-read,to-read (#38),to-read,,,,0,0
35959740,Circe,Madeline Miller,"Miller, Madeline",,0316556343,9780316556347,0,4.22,"Little, Brown and Company",Hardcover,393,2018,2018,,2/18/2023,to-read,to-read (#37),to-read,,,,0,0
13496,"A Game of Thrones (A Song of Ice and Fire, #1)",George R.R. Martin,"Martin, George R.R.",,0553588486,9780553588484,0,4.45,Bantam,Mass Market Paperback,835,2005,1996,,2/18/2023,to-read,to-read (#36),to-read,,,,0,0
1885,Pride and Prejudice,Jane Austen,"Austen, Jane",Anna Quindlen,1441341706,9781441341709,0,4.29,Modern Library,Paperback,279,2023,1813,,2/18/2023,to-read,to-read (#35),to-read,,,,0,0
100915,"The Lion, the Witch and the Wardrobe (Chronicles of Narnia, #1)",C.S. Lewis,"Lewis, C.S.","Tormod Haugen, Per Svein Paulsen",,,0,4.24,HarperCollins Publishers,Paperback,206,2005,1950,,2/18/2023,to-read,to-read (#34),to-read,,,,0,0
136251,"Harry Potter and the Deathly Hallows (Harry Potter, #7)",J.K. Rowling,"Rowling, J.K.",,,,4,4.62,Arthur A. Levine Books,Hardcover,759,2007,2007,,2/18/2023,,,read,,,,1,0
1,"Harry Potter and the Half-Blood Prince (Harry Potter, #6)",J.K. Rowling,"Rowling, J.K.",,,,4,4.58,Scholastic Inc,Paperback,652,2006,2005,,2/18/2023,,,read,,,,1,0
2,"Harry Potter and the Order of the Phoenix (Harry Potter, #5)",J.K. Rowling,"Rowling, J.K.",Mary GrandPré,0439686520,9780439686525,4,4.5,Scholastic Inc.,Paperback,870,2004,2003,,2/18/2023,,,read,,,,1,0
6,"Harry Potter and the Goblet of Fire (Harry Potter, #4)",J.K. Rowling,"Rowling, J.K.",Mary GrandPré,0439139597,9780439139595,5,4.57,Scholastic,Paperback,734,2002,2000,,2/18/2023,,,read,,,,1,0
5,"Harry Potter and the Prisoner of Azkaban (Harry Potter, #3)",J.K. Rowling,"Rowling, J.K.",Mary GrandPré,043965548X,9780439655484,4,4.58,Scholastic Inc.,Mass Market Paperback,547,2004,1999,,2/18/2023,,,read,,,,1,0
15881,"Harry Potter and the Chamber of Secrets (Harry Potter, #2)",J.K. Rowling,"Rowling, J.K.",Mary GrandPré,,,4,4.43,Arthur A. Levine Books,Hardcover,352,1999,1998,,2/18/2023,,,read,,,,1,0
119322,"The Golden Compass (His Dark Materials, #1)",Philip Pullman,"Pullman, Philip",,0679879242,9780679879244,0,4.03,RANDOM HOUSE TRADE,Hardcover,399,1996,1995,,2/18/2023,to-read,to-read (#33),to-read,,,,0,0
28187,"The Lightning Thief (Percy Jackson and the Olympians, #1)",Rick Riordan,"Riordan, Rick",,0786838655,9780786838653,5,4.31,Disney Hyperion Books,Paperback,377,2006,2005,,2/18/2023,,,read,,,,1,0
6186357,"The Maze Runner (The Maze Runner, #1)",James Dashner,"Dashner, James",,0385737947,9780385737944,0,4.05,Delacorte Press,Hardcover,384,2009,2009,,2/18/2023,to-read,to-read (#32),to-read,,,,0,0
72193,"Harry Potter and the Philosopher’s Stone (Harry Potter, #1)",J.K. Rowling,"Rowling, J.K.",,,,5,4.47,Bloomsbury Publishing,Paperback,223,1997,1997,,2/18/2023,,,read,,,,1,0
59364173,I'm Glad My Mom Died,Jennette McCurdy,"McCurdy, Jennette",,,,0,4.44,Simon & Schuster,ebook,320,2022,2022,,2/18/2023,to-read,to-read (#31),to-read,,,,0,0
70535,"2001: A Space Odyssey (Space Odyssey, #1)",Arthur C. Clarke,"Clarke, Arthur C.",,,,0,4.18,Roc,Paperback,297,2000,1968,,2/18/2023,to-read,to-read (#30),to-read,,,,0,0
41811,"The Caves of Steel (Robot, #1)",Isaac Asimov,"Asimov, Isaac",,,,0,4.19,Voyager,Mass Market Paperback,206,1997,1953,,2/18/2023,to-read,to-read (#29),to-read,,,,0,0
6088007,"Neuromancer (Sprawl, #1)",William Gibson,"Gibson, William",Jack Womack,,,0,3.89,Ace,Kindle Edition,268,2018,1984,,2/18/2023,to-read,to-read (#28),to-read,,,,0,0
2493,The Time Machine,H.G. Wells,"Wells, H.G.","Greg Bear, Carlo Pagetti",,,4,3.89,Signet Classics,Paperback,118,2002,1895,,2/18/2023,,,read,,,,1,0
80240,Blade Runner 2: The Edge of Human,K.W. Jeter,"Jeter, K.W.",,0553762672,9780553762679,0,3.66,Random House Worlds,Paperback,320,2000,1995,,2/18/2023,to-read,to-read (#27),to-read,,,,0,0
9969571,"Ready Player One (Ready Player One, #1)",Ernest Cline,"Cline, Ernest",,030788743X,9780307887436,0,4.23,Crown Publishers,Hardcover,480,2011,2011,,2/18/2023,to-read,to-read (#26),to-read,,,,0,0
18007564,The Martian,Andy Weir,"Weir, Andy",,0804139024,9780804139021,0,4.42,Ballantine Books,Hardcover,384,2014,2011,,2/18/2023,to-read,to-read (#25),to-read,,,,0,0
99219,"The Butlerian Jihad (Legends of Dune, #1)",Brian Herbert,"Herbert, Brian",Kevin J. Anderson,0765340771,9780765340771,0,4.01,Tor Books,Mass Market Paperback,695,2018,2002,,2/18/2023,to-read,to-read (#24),to-read,,,,0,0
248871,"Berserk, Vol. 1 (Berserk, #1)",Kentaro Miura,"Miura, Kentaro",,1593070209,9781593070205,0,4.49,Dark Horse Manga,Paperback,224,2003,1990,,2/18/2023,to-read,to-read (#23),to-read,,,,0,0
18405,Gone with the Wind,Margaret Mitchell,"Mitchell, Margaret",,0446365386,9780446365383,0,4.31,Warner Books,Mass Market Paperback,1037,1993,1936,,2/18/2023,to-read,to-read (#22),to-read,,,,0,0
60864419,The Witch of Tin Mountain,Paulette Kennedy,"Kennedy, Paulette",,1662507631,9781662507632,0,4.04,Lake Union Publishing,Kindle Edition,328,2023,2023,,2/18/2023,to-read,to-read (#21),to-read,,,,0,0
13623848,The Song of Achilles,Madeline Miller,"Miller, Madeline",,,,0,4.3,Ecco,Paperback,408,2012,2011,,2/18/2023,to-read,to-read (#20),to-read,,,,0,0
10964,"Outlander (Outlander, #1)",Diana Gabaldon,"Gabaldon, Diana",,0440242940,9780440242949,0,4.26,Dell,Mass Market Paperback,850,2005,1991,,2/18/2023,to-read,to-read (#19),to-read,,,,0,0
13625984,"V de Vendetta, Tomo 1 (V for Vendetta #1 de 2)",Alan             Moore,"Moore, Alan","David   Lloyd, Carlos Mayor Ortega",8446801590,9788446801597,0,3.78,Editorial Zinco (DC Comics),Paperback,180,1993,1993,,2/18/2023,to-read,to-read (#18),to-read,,,,0,0
6442769,Paper Towns,John Green,"Green, John",Gázsity Mila,014241493X,9780142414934,0,3.7,Speak,Paperback,305,2009,2008,,2/18/2023,to-read,to-read (#17),to-read,,,,0,0
32075671,"The Hate U Give (The Hate U Give, #1)",Angie Thomas,"Thomas, Angie",,0062498533,9780062498533,0,4.45,Clarion Books,Hardcover,454,2017,2017,,2/18/2023,to-read,to-read (#16),to-read,,,,0,0
11870085,The Fault in Our Stars,John Green,"Green, John",,,,0,4.12,Dutton Books,Hardcover,313,2012,2012,,2/18/2023,to-read,to-read (#15),to-read,,,,0,0
17856572,"Watchmen #1: At Midnight, All The Agents…",Alan             Moore,"Moore, Alan","Dave Gibbons, John    Higgins, Len Wein",,,0,4.33,DC Comics,Paperback,34,1986,1986,,2/18/2023,to-read,to-read (#14),to-read,,,,0,0
4981,Slaughterhouse-Five,Kurt Vonnegut Jr.,"Jr., Kurt Vonnegut",,,,0,4.1,Dial Press,Paperback,275,1999,1969,,2/18/2023,to-read,to-read (#13),to-read,,,,0,0
231804,The Outsiders,S.E. Hinton,"Hinton, S.E.",,0670532576,9780670532575,5,4.14,Puffin Books (US/CAN),Mass Market Paperback,208,1997,1967,,2/18/2023,,,read,,,,1,0
18114322,The Grapes of Wrath,John Steinbeck,"Steinbeck, John",,067001690X,9780670016907,0,4.03,Viking,Hardcover,496,2014,1939,,2/18/2023,to-read,to-read (#12),to-read,,,,0,0
24280,Les Misérables,Victor Hugo,"Hugo, Victor","Norman MacAfee, Charles E. Wilbour, Lee Fahnestock, Isabel Florence Hapgood",0451525264,9780451525260,0,4.21,Penguin,Mass Market Paperback,1463,1987,1862,,2/18/2023,to-read,to-read (#11),to-read,,,,0,0
355697,All Quiet on the Western Front,Erich Maria Remarque,"Remarque, Erich Maria",Arthur Wesley Wheen,0449213943,9780449213940,0,4.11,Ballantine Books,Mass Market Paperback,296,1987,1928,,2/18/2023,to-read,to-read (#10),to-read,,,,0,0
5907,"The Hobbit, or There and Back Again",J.R.R. Tolkien,"Tolkien, J.R.R.","Douglas A. Anderson, Michael Hague, Jemima Catlin",,,4,4.3,Houghton Mifflin,Paperback,366,2002,1937,,2/18/2023,,,read,,,,1,0
5326,A Christmas Carol,Charles Dickens,"Dickens, Charles",Joe L. Wheeler,1561797464,9781561797462,0,4.09,Bethany House Publishers ,Paperback,184,1999,1843,,2/18/2023,to-read,to-read (#9),to-read,,,,0,0
1420,Hamlet,William Shakespeare,"Shakespeare, William","Harold Bloom, Rex Gibson, Israel Gollancz, Henry Norman Hudson, L.A. Sherman, Max J. Herzberg",0521618746,9780521618748,4,4.03,Cambridge University Press,Paperback,289,2005,1601,,2/18/2023,,,read,,,,1,0
51496,Dr. Jekyll and Mr. Hyde,Robert Louis Stevenson,"Stevenson, Robert Louis","Vladimir Nabokov, Dan Chaon, Jerome Charyn, Simon Vestdijk",0451528956,9780451528957,0,3.83,Signet Classic,Mass Market Paperback,139,2003,1886,,2/18/2023,to-read,to-read (#8),to-read,,,,0,0
7126,The Count of Monte Cristo,Alexandre Dumas,"Dumas, Alexandre",Robin Buss,0140449264,9780140449266,0,4.32,Penguin Classics,Paperback,1276,2003,1844,,2/18/2023,to-read,to-read (#7),to-read,,,,0,0
5129,Brave New World,Aldous Huxley,"Huxley, Aldous",,0060929871,9780060929879,4,3.99,HarperPerennial / Perennial Classics,Paperback,288,1998,1932,,2/18/2023,,,read,,,,1,0
1381,The Odyssey,Homer,"Homer, Homer","Robert Fagles, Bernard Knox",0143039954,9780143039952,5,3.83,Penguin Classics ,Paperback,541,2006,-700,,2/18/2023,,,read,,,,1,0
12296,The Scarlet Letter,Nathaniel Hawthorne,"Hawthorne, Nathaniel","Nina Baym, Thomas E. Connolly",0142437263,9780142437261,3,3.44,Penguin Books,Paperback,279,2002,1850,,2/18/2023,,,read,,,,1,0
24583,The Adventures of Tom Sawyer,Mark Twain,"Twain, Mark","Guy Cardwell, John Seelye, Mark Hallaq, Amanda Lee",,9780143039563,0,3.92,Penguin Classics,Paperback,244,2006,1876,,2/18/2023,to-read,to-read (#6),to-read,,,,0,0
1953,A Tale of Two Cities,Charles Dickens,"Dickens, Charles",,0141439602,9780141439600,4,3.88,Penguin Books,Paperback,489,2003,1859,,2/18/2023,,,read,,,,1,0
2165,The Old Man and the Sea,Ernest Hemingway,"Hemingway, Ernest",,0684830493,9780684830490,3,3.81,Scribner,Hardcover,96,1996,1952,,2/18/2023,,,read,,,,1,0
14935,Sense and Sensibility,Jane Austen,"Austen, Jane","Ros Ballaster, Джейн Остин",0141439661,9780141439662,0,4.09,Penguin Books,Paperback,409,2003,1811,,2/18/2023,to-read,to-read (#5),to-read,,,,0,0
13079982,Fahrenheit 451,Ray Bradbury,"Bradbury, Ray",,,,0,3.97,Simon & Schuster,Kindle Edition,194,2011,1953,,2/18/2023,to-read,to-read (#4),to-read,,,,0,0
890,Of Mice and Men,John Steinbeck,"Steinbeck, John",,0142000671,9780142000670,5,3.9,Penguin Books,Paperback,107,2002,1937,,2/18/2023,,,read,,,,1,0
7624,Lord of the Flies,William Golding,"Golding, William",,0140283331,9780140283334,0,3.7,Penguin Books ,Paperback,182,1999,1954,,2/18/2023,to-read,to-read (#3),to-read,,,,0,0
5107,The Catcher in the Rye,J.D. Salinger,"Salinger, J.D.",,0316769177,9780316769174,0,3.8,Back Bay Books,Paperback,277,2001,1951,,2/18/2023,to-read,to-read (#2),to-read,,,,0,0
5297,The Picture of Dorian Gray,Oscar Wilde,"Wilde, Oscar",Jeffrey Eugenides,,,0,4.13,Random House: Modern Library,Paperback,272,2004,1890,,2/18/2023,to-read,to-read (#1),to-read,,,,0,0
61439040,1984,George Orwell,"Orwell, George",Thomas Pynchon,0452284236,9780452284234,5,4.2,Plume,Paperback,368,2022,1949,,2/18/2023,,,read,,,,1,0
2657,To Kill a Mockingbird,Harper Lee,"Lee, Harper",,0060935464,9780060935467,4,4.26,Harper Perennial Modern Classics ,Paperback,323,2006,1960,,2/18/2023,,,read,,,,1,0
4671,The Great Gatsby,F. Scott Fitzgerald,"Fitzgerald, F. Scott",,0743273567,9780743273565,5,3.93,Scribner,Paperback,180,1925,1925,,2/18/2023,,,read,,,,1,0
